{
	"DBCredentials" : 
	{
		
		"arch": 
		{
			"host" : "10.32.244.143" ,
			"user" : "lm_dt_user" ,
			"password" : "Lm$crt@147_usr" ,
			"db" : 	"etl_dev" ,
			"port" : 3307
		},
		"gp":
		{
			"host" : "10.32.244.139" ,
			"user" : "u_lm_dt_tarviha" ,
			"password" : "U@Lma214kmnnLM2" ,
			"database" : "gpafiniti" ,
			"port" : 55432
		}
	},

	"EmailInfo" : 
	{
		"ETL_Email_To" : "" ,
		"ETL_Email_From" : "job-alerts@afiniti.com" ,
		"ETL_Email_CC" : "" ,
		"ETL_Email_BCC" : "" ,
		"SMTP_HOST" : "afinitismtp.afiniti.com",
		"SMTP_PORT" : 25
	},

	"PxfReader_Config" : 
	{
		"_comment" : "This object is for Pxf Reader Config",
		"MYSQLTable_name" : "libertymutual.agentmapping",
		"MysqlSchema" : "libertymutualsatmap" ,
		"MysqlView_name" : "" ,
		"MysqlDevSchema" : "etl_dev" ,
		"GPExtTable_name": "",
		"GPFinalTable_name": "",
	    "GpSchema" : "applied_ai_afiniti",
		"MysqltoGpCon" : "mysqlarch",
		"Interval": 0,
		"DateColumn": "calldate",
		"DistributionColumn" : "",
		"MinDate": "2021-08-01",
		"MaxDate": "2022-12-01",
		"Pool_size":  5,
		"Batch_size": 50000,
		"Encoding": "UTF8"
		
	},
	
	"GpfDist_Config" : 
	{
		"_comment" : "This object is for Gpfdist Config",
		"MYSQLTable_name" : "portal.optimizeddailysummary",
		"GPFinalTable_name": "portal_optimizeddailysummary_gpf",
		"DevBoxIP" : "10.32.244.145" ,
		"Port" : "8080" ,
		"MysqlSchema" : "libertymutualsatmap" ,
		"MysqlDevSchema" : "etl_dev" ,
		"GpSchema" : "applied_ai_dev",
		"FilePath": "E://DT//Tarviha//CSV//",
		"Total_Count": 800000,
		"File_Count_limit": 400000,
		"Encoding": "UTF8"
	}

}
